{"n_events": [5, 10, 15, 20, 25, 30, 35, 40, 45, 50, 55, 60, 65, 69], "selection": [0.026685755584728483, 0.11394451366574705, 0.11551414548261658, 0.2051420991864137, 0.3253808294442217, 0.4891491382746669, 0.6349645733938472, 1.1077403150266372, 0.5789795740249916, 1.372524168109334, 1.3152035293503788, 1.3408504301807718, 1.2872399501035319, 1.4580683813752116], "event": [0.03361808067344491, 0.06529489232096243, 0.10629934106299622, 0.108118553036057, 0.0911875838773868, 0.12324160396245026, 0.15496569489608106, 0.22924663052360522, 0.13563521529970135, 0.21212808370054267, 0.2170707256515155, 0.22875054047112064, 0.23636243217317957, 0.2645626220663643]}