{"cov": [0.8252939171273035, 1.5688982211166664, 2.682074529844819, 2.9075587352696326, 4.002371774922117, 4.746098775320248, 6.737889133954513, 6.050385379487295, 7.879578598665566, 9.07625279234674], "cov_pop": [0.06162366324290505, 0.12372039778396023, 0.18002409145777987, 0.23709620714716662, 0.2973611367714196, 0.32537219172866355, 0.38882922110963636, 0.41946599892329306, 0.5116828370169259, 0.5165592108957577], "cov_sel": [0.7636702538843984, 1.445177823332706, 2.502050438387039, 2.6704625281224654, 3.7050106381506978, 4.420726583591584, 6.349059912844877, 5.630919380564001, 7.367895761648641, 8.559693581450981]}