{"LVK": 0.6320859338684177, "No Convergence": 5.064670257421961, "Tailored": 1.2367943540453512, "More Injections": 0.49560940030650136, "No Injections": 0.4175995924486516}